{"equivariant_loss": [[0.9854993422826132, 0.857742170492808, 0.7116569479306539, 0.5871174534161886, 0.0], [0.985388974348704, 0.8579444090525309, 0.7105671167373657, 0.5819987058639526, 0.0]], "train_loss": [2.305390884504294, 2.3042695958291173], "train_accuracy": [0.09998401534526855, 0.10002397698209718], "test_loss": [2.3054428100585938, 2.304384469985962], "test_accuracy": [0.09999999403953552, 0.09999999403953552], "baseline_cka": [[0.0028481297194957733, 0.004079504869878292, 0.0034014051780104637, 0.0026523834094405174, 0.0], [0.0026857885532081127, 0.0036943231243640184, 0.0031785632017999887, 0.0025759453419595957, 0.0]]}